Label,Total,12:00 a.m. to 4:59 a.m.,5:00 a.m. to 5:29 a.m.,5:30 a.m. to 5:59 a.m.,6:00 a.m. to 6:29 a.m.,6:30 a.m. to 6:59 a.m.,7:00 a.m. to 7:29 a.m.,7:30 a.m. to 7:59 a.m.,8:00 a.m. to 8:29 a.m.,8:30 a.m. to 8:59 a.m.,9:00 a.m. to 9:59 a.m.,10:00 a.m. to 10:59 a.m.,11:00 a.m. to 11:59 a.m.,12:00 p.m. to 3:59 p.m.,4:00 p.m. to 11:59 p.m.,drovealone,12:00 a.m. to 4:59 a.m..1,5:00 a.m. to 5:29 a.m..1,5:30 a.m. to 5:59 a.m..1,6:00 a.m. to 6:29 a.m..1,6:30 a.m. to 6:59 a.m..1,7:00 a.m. to 7:29 a.m..1,7:30 a.m. to 7:59 a.m..1,8:00 a.m. to 8:29 a.m..1,8:30 a.m. to 8:59 a.m..1,9:00 a.m. to 9:59 a.m..1,10:00 a.m. to 10:59 a.m..1,11:00 a.m. to 11:59 a.m..1,12:00 p.m. to 3:59 p.m..1,4:00 p.m. to 11:59 p.m..1,carpooled,12:00 a.m. to 4:59 a.m..2,5:00 a.m. to 5:29 a.m..2,5:30 a.m. to 5:59 a.m..2,6:00 a.m. to 6:29 a.m..2,6:30 a.m. to 6:59 a.m..2,7:00 a.m. to 7:29 a.m..2,7:30 a.m. to 7:59 a.m..2,8:00 a.m. to 8:29 a.m..2,8:30 a.m. to 8:59 a.m..2,9:00 a.m. to 9:59 a.m..2,10:00 a.m. to 10:59 a.m..2,11:00 a.m. to 11:59 a.m..2,12:00 p.m. to 3:59 p.m..2,4:00 p.m. to 11:59 p.m..2,public,12:00 a.m. to 4:59 a.m..3,5:00 a.m. to 5:29 a.m..3,5:30 a.m. to 5:59 a.m..3,6:00 a.m. to 6:29 a.m..3,6:30 a.m. to 6:59 a.m..3,7:00 a.m. to 7:29 a.m..3,7:30 a.m. to 7:59 a.m..3,8:00 a.m. to 8:29 a.m..3,8:30 a.m. to 8:59 a.m..3,9:00 a.m. to 9:59 a.m..3,10:00 a.m. to 10:59 a.m..3,11:00 a.m. to 11:59 a.m..3,12:00 p.m. to 3:59 p.m..3,4:00 p.m. to 11:59 p.m..3,walked,12:00 a.m. to 4:59 a.m..4,5:00 a.m. to 5:29 a.m..4,5:30 a.m. to 5:59 a.m..4,6:00 a.m. to 6:29 a.m..4,6:30 a.m. to 6:59 a.m..4,7:00 a.m. to 7:29 a.m..4,7:30 a.m. to 7:59 a.m..4,8:00 a.m. to 8:29 a.m..4,8:30 a.m. to 8:59 a.m..4,9:00 a.m. to 9:59 a.m..4,10:00 a.m. to 10:59 a.m..4,11:00 a.m. to 11:59 a.m..4,12:00 p.m. to 3:59 p.m..4,4:00 p.m. to 11:59 p.m..4,taxicab,12:00 a.m. to 4:59 a.m..5,5:00 a.m. to 5:29 a.m..5,5:30 a.m. to 5:59 a.m..5,6:00 a.m. to 6:29 a.m..5,6:30 a.m. to 6:59 a.m..5,7:00 a.m. to 7:29 a.m..5,7:30 a.m. to 7:59 a.m..5,8:00 a.m. to 8:29 a.m..5,8:30 a.m. to 8:59 a.m..5,9:00 a.m. to 9:59 a.m..5,10:00 a.m. to 10:59 a.m..5,11:00 a.m. to 11:59 a.m..5,12:00 p.m. to 3:59 p.m..5,4:00 p.m. to 11:59 p.m..5
Alabama,1928341,94089,52782,102502,139431,207911,266335,293462,221440,102232,116757,49297,22089,120513,139501,1718315,83339,49617,94498,124279,181242,235744,265326,198985,93132,103105,42540,19336,105086,122086,163820,7749,2105,6846,12471,24157,24547,23381,16673,6715,8358,4469,1892,11088,13369,4599,153,0,108,444,202,1089,609,597,0,480,233,336,136,212,19618,536,64,519,1088,603,2324,1367,3262,1715,2871,812,95,2426,1936,21989,2312,996,531,1149,1707,2631,2779,1923,670,1943,1243,430,1777,1898
Alaska,314340,16197,8559,15858,19864,24416,32879,51488,41419,22662,26581,15374,6818,15655,16570,228380,11395,5912,10836,13373,19616,26793,38850,30685,15945,18093,10720,4364,10625,11173,38060,2118,867,988,2667,2593,3514,7887,4674,3199,2554,2151,694,2274,1880,3637,0,27,0,120,303,12,53,124,646,11,468,0,287,1586,24767,1918,713,3485,2459,552,839,2681,3955,1387,2810,1142,927,1176,723,19496,766,1040,549,1245,1352,1721,2017,1981,1485,3113,893,833,1293,1208
Arizona,2577881,166817,104536,162417,177010,252034,293663,307550,267017,152043,187424,89206,44152,190227,183785,2141225,138873,88494,139816,150097,216649,239483,260307,222930,125058,155968,71285,33437,149415,149413,290126,17742,11764,19388,17114,24741,36415,33467,27262,18684,18498,11657,4973,23454,24967,30122,596,880,639,1808,2456,4284,2833,2153,2163,1896,2118,1985,4725,1586,51281,1232,1590,1010,2617,3059,6042,5138,7314,2382,5359,2467,2265,6479,4327,65127,8374,1808,1564,5374,5129,7439,5805,7358,3756,5703,1679,1492,6154,3492
Arkansas,1183507,51437,30569,53020,79677,125153,182410,211678,128754,61491,65473,30284,13005,69881,80675,1036290,45538,27334,48332,70197,107895,159102,189609,113147,54640,55533,25829,11071,59906,68157,115437,3969,2251,3930,8566,14185,20013,20007,11329,4705,7570,3203,1363,6950,7396,2366,428,0,162,0,456,101,90,32,191,515,154,0,237,0,17434,677,359,266,563,1661,1925,1104,2523,1472,1264,599,360,1735,2926,11980,825,625,330,351,956,1269,868,1723,483,591,499,211,1053,2196
California,14012836,752756,409102,625261,903705,1086447,1473571,1666236,1720976,1136933,1439269,665794,302324,978533,851929,11352882,611030,335792,511772,734300,898614,1220172,1389222,1404832,918727,1159840,521197,233722,755212,658450,1496848,82792,50448,80194,110069,122381,149613,169509,162572,113601,128818,61673,35969,115815,113394,368928,11040,4630,10223,15898,26089,28785,41494,40005,43122,48021,29675,11628,35065,23253,378703,10208,9916,9913,18416,16907,33911,29959,59441,28853,51497,28343,11951,39995,29393,415475,37686,8316,13159,25022,22456,41090,36052,54126,32630,51093,24906,9054,32446,27439
Colorado,2279970,85358,46562,98211,139984,213380,289074,339639,303737,180984,193448,94767,40939,130980,122907,1906171,70940,40109,82807,120570,187115,242129,287489,252623,154229,156776,77244,32822,102771,98547,211286,6484,3877,11381,13881,16915,27653,33931,26950,13765,18141,9060,2253,13808,13187,38695,1526,719,136,1289,1863,4864,6216,4270,3779,3197,1976,1774,4122,2964,67697,2195,893,2907,1966,3651,10928,6737,10682,4301,7438,3254,1921,5975,4849,56121,4213,964,980,2278,3836,3500,5266,9212,4910,7896,3233,2169,4304,3360
Connecticut,1383357,46122,23056,47698,66516,129894,167210,191590,176362,130685,133894,55409,25649,103444,85828,1153579,35376,19580,40610,58283,112679,142129,167319,150220,111446,108857,45599,18880,75949,66652,128258,6023,2433,4527,5736,10520,13881,14970,14174,9841,12242,6271,3633,12943,11064,30379,1413,140,713,700,1497,4122,2613,3146,2717,4026,1185,628,4366,3113,44278,374,448,1160,993,3282,4990,4840,4980,4101,4762,1803,2156,7195,3194,26863,2936,455,688,804,1916,2088,1848,3842,2580,4007,551,352,2991,1805
Delaware,370051,16549,8025,11175,21622,33345,47906,59681,46786,29102,29180,12525,6740,23464,23951,322371,13678,7488,9750,19169,30493,42706,52988,40587,26564,25807,10331,5954,17397,19459,27769,1790,373,1189,1137,1890,3047,3771,3454,1314,2383,1052,229,2473,3667,6709,0,0,0,366,109,509,1551,1198,459,0,333,26,2024,134,5857,304,85,185,171,714,1050,646,659,227,217,221,260,697,421,7345,777,79,51,779,139,594,725,888,538,773,588,271,873,270
District of Columbia,435044,16947,8522,15821,21033,32376,43176,56771,56096,56045,51196,20174,8504,26439,21944,271920,11917,6883,12937,14564,22429,29037,36348,34218,30029,27110,12202,5570,14645,14031,33896,1101,1097,1700,2124,2804,2254,3824,4224,4240,4696,1395,189,2986,1262,80596,1386,461,862,3409,5449,7343,13215,10115,11932,11626,4066,2297,4800,3635,24852,80,0,0,423,78,2232,2249,4551,5783,4384,1048,164,2488,1372,23780,2463,81,322,513,1616,2310,1135,2988,4061,3380,1463,284,1520,1644
Florida,8176786,331946,153327,272187,460198,741389,952493,1089912,1096982,736217,844782,336577,138251,521408,501117,6921708,277021,130639,231610,390531,628314,810622,939157,946997,633716,718253,279403,110171,420392,404882,833591,28378,13875,29443,51026,85730,106846,113252,96738,67899,77538,33749,16700,52771,59646,95208,2749,1574,4090,4776,6942,8576,8335,11597,9709,10191,5336,3483,11326,6524,125359,5504,2790,2145,4992,6867,11037,11794,18405,9553,14859,7897,2102,16637,10777,200920,18294,4449,4899,8873,13536,15412,17374,23245,15340,23941,10192,5795,20282,19288
Georgia,4072429,164486,96075,159877,249005,389722,494352,558688,511775,319213,348262,151438,74232,264416,290888,3484245,142915,86686,138442,219076,331060,417665,491174,449297,277147,292107,122219,60147,211855,244455,409773,12427,6434,15880,20453,44781,61524,51618,41256,28338,32232,20061,9413,35296,30060,35364,1520,275,166,2892,2415,3413,4459,3869,3167,4642,1895,792,3251,2608,59416,1427,1586,1149,1210,3436,6619,3638,7036,5543,11254,2975,1033,6799,5711,83631,6197,1094,4240,5374,8030,5131,7799,10317,5018,8027,4288,2847,7215,8054
Hawaii,597131,28727,17461,35918,46825,66469,88335,72691,58638,36155,47294,22491,10483,39745,25899,436454,21006,13647,29078,37337,49196,65079,52340,41853,27492,32301,15028,6530,26916,18651,93321,4407,2759,3730,5631,11345,16273,13618,7751,5328,6327,4107,1797,5906,4342,22017,1607,234,1022,1108,2710,2485,1993,838,1314,3064,1088,849,2682,1023,26900,862,397,1460,1400,1814,2638,2338,5355,1214,3076,1570,1007,2514,1255,18439,845,424,628,1349,1404,1860,2402,2841,807,2526,698,300,1727,628
Idaho,744240,32263,18570,33775,48697,69930,90416,117455,97662,49286,52565,27284,13771,46922,45644,640288,28458,16418,29167,42338,60449,79711,102803,85580,41675,43693,21244,11626,39551,37575,68367,2854,1232,3817,4148,7215,8025,10723,7570,4356,4831,3365,797,4456,4978,4138,0,192,15,1017,613,169,80,0,248,239,7,250,1152,156,16091,436,61,541,309,1036,1140,1814,2892,1940,1716,1358,493,1136,1219,15356,515,667,235,885,617,1371,2035,1620,1067,2086,1310,605,627,1716
Illinois,4817999,205208,116832,226767,302804,458374,543757,641444,558237,373356,390813,173551,84038,391198,351620,3869945,169364,96067,195520,251978,390085,456231,536030,452030,286793,291940,126165,59262,288254,270226,436699,18445,11952,20876,27194,40484,45456,54174,36759,31043,34306,16758,7782,51597,39873,232240,5186,2546,4125,7252,15040,13086,30915,33991,34499,32106,11499,5208,21884,14903,155409,4849,3795,2736,9188,8012,15496,11183,20111,11864,17552,10556,5782,18616,15669,123706,7364,2472,3510,7192,4753,13488,9142,15346,9157,14909,8573,6004,10847,10949
Indiana,2776415,152088,81373,155635,170768,280785,317645,384587,312759,171562,179318,87452,41884,212865,227694,2408008,126509,70490,137873,150048,251021,281404,345597,279354,150501,152942,72126,34692,171902,183549,249866,17766,8810,13990,14790,21815,26808,27414,20519,14573,15633,7571,2916,26192,31069,14420,557,157,448,628,1568,1283,1113,1753,783,1683,1754,499,1435,759,63404,2037,685,1656,3648,2936,4976,5678,6951,3975,5101,4364,3089,8997,9311,40717,5219,1231,1668,1654,3445,3174,4785,4182,1730,3959,1637,688,4339,3006
Iowa,1379946,57891,40751,70205,88735,146770,174608,227220,167455,67210,72643,38377,16819,110804,100458,1187194,50575,35631,63330,79035,132372,155343,197296,143312,55451,60634,30823,13767,87998,81627,117937,4524,3717,5701,6232,10565,12472,22053,15332,5906,4234,2482,946,11868,11905,7759,123,104,0,110,636,211,422,683,907,1318,630,217,2220,178,44549,1102,648,759,1701,1760,4016,5378,5205,3279,4612,3573,1499,6760,4257,22507,1567,651,415,1657,1437,2566,2071,2923,1667,1845,869,390,1958,2491
Kansas,1249033,50751,33863,62807,68248,123464,152925,223626,149075,76565,83512,36793,18407,86030,82967,1079200,44134,30678,51943,58320,110486,136103,197422,130162,67361,70113,30468,13582,71310,67118,114382,4972,2412,6192,7305,9966,11904,19607,11067,7420,7850,2197,3229,9194,11067,4260,169,0,168,0,255,972,298,769,0,219,586,155,286,383,31886,614,297,3415,1229,1420,3000,4318,4549,1358,2996,2327,591,3312,2460,19305,862,476,1089,1394,1337,946,1981,2528,426,2334,1215,850,1928,1939
Kentucky,1752805,83103,51767,87461,112364,169852,232442,242892,185202,105294,119713,52274,24466,126609,159366,1515416,69278,47417,75355,99030,152066,203460,217856,165846,92674,101398,43775,19389,98220,129652,164246,10746,3020,7892,9036,13094,21537,19417,13160,8345,11268,4340,2993,18856,20542,10739,458,372,347,134,1262,1463,1123,341,495,999,733,466,1340,1206,39902,928,231,2812,2873,1582,3491,2967,3682,2182,4526,2518,1026,6091,4993,22502,1693,727,1055,1291,1848,2491,1529,2173,1598,1522,908,592,2102,2973
Louisiana,1790024,109320,55028,84137,131607,194561,246695,257128,226668,110582,115351,51269,23052,91779,92847,1551905,96108,47015,76277,116051,175711,211786,226242,199179,95696,97009,39712,19144,75207,76768,160408,8278,6330,5913,10545,14546,25323,22917,18541,9843,10868,6521,2015,9334,9434,14729,213,0,340,1452,1100,1815,2245,1100,1165,1091,1092,101,1378,1637,27525,1457,432,250,937,1246,3128,2905,4796,1504,3156,2161,672,3236,1645,35457,3264,1251,1357,2622,1958,4643,2819,3052,2374,3227,1783,1120,2624,3363
Maine,536164,27772,14906,25255,36993,59170,74712,82319,61288,33852,36478,13882,8353,32990,28194,454004,24124,13146,20771,33134,53353,63476,72472,52387,28919,29345,11144,5709,24662,21362,49328,2232,1328,3830,3131,5055,8358,6013,4161,2598,3201,1079,469,4374,3499,1508,67,158,43,80,264,247,124,48,0,92,26,215,144,0,23845,283,43,401,356,470,1722,2877,3505,2105,3592,1506,1595,2880,2510,7479,1066,231,210,292,28,909,833,1187,230,248,127,365,930,823
Maryland,2150227,81098,53696,87117,133323,186361,230725,276605,273022,197001,217096,92851,39323,142935,139074,1780528,64279,44833,76935,111974,157178,201465,237740,232555,163211,178748,69641,29951,108466,103552,199458,7726,5137,6462,12743,17723,18646,24314,20441,18454,18881,11497,4198,16286,16950,60481,2305,2700,2454,3188,6058,3637,5621,5835,5099,5007,3284,1887,6975,6431,52170,1235,808,316,2317,2423,3083,3642,5376,5389,6908,4200,1775,6978,7720,57590,5553,218,950,3101,2979,3894,5288,8815,4848,7552,4229,1512,4230,4421
Massachusetts,2773958,84682,53024,100197,147597,249239,327251,362766,364409,274374,284056,115042,50757,209235,151329,2171641,65292,46421,82759,116545,211285,273084,302841,282121,206820,204137,82916,38988,150004,108428,227119,7072,3602,11153,15501,23194,24022,25347,29199,17776,18389,10286,2124,22156,17298,159981,2526,466,2001,7171,7718,11919,18789,21165,27786,27026,9556,4098,10754,9006,131799,3061,1694,1084,4787,4152,9300,10526,20367,14956,21705,8698,3252,16821,11396,83418,6731,841,3200,3593,2890,8926,5263,11557,7036,12799,3586,2295,9500,5201
Michigan,3753856,162079,88309,201551,216747,344352,392969,493677,439545,283817,299408,148449,65969,331345,285639,3252384,136820,79050,180812,193578,310292,348053,439731,388715,253765,256419,120397,53930,258045,232777,324991,14785,7596,17015,15623,24869,32668,39354,27063,19798,26149,16442,6011,45837,31781,37202,1896,337,575,2035,2612,1726,3121,2340,2071,3479,1668,1591,7020,6731,81168,2372,604,1659,1983,4211,5916,7432,12666,4720,8144,6623,3094,13021,8723,58111,6206,722,1490,3528,2368,4606,4039,8761,3463,5217,3319,1343,7422,5627
Minnesota,2310400,90071,59073,116389,148889,242666,276226,343311,277606,139555,155258,72796,36157,205778,146625,1942494,75567,52807,102275,131251,215337,237302,300673,233814,117690,125770,56526,26375,151844,115263,207186,8245,3819,10660,10489,17864,22594,28066,21442,11755,14657,6628,4235,30052,16680,40726,813,552,840,826,3732,4626,3190,4853,3346,3436,2920,1874,6952,2766,73209,2303,1523,1667,3434,3012,7122,6773,10406,4340,7170,4962,1746,11358,7393,46785,3143,372,947,2889,2721,4582,4609,7091,2424,4225,1760,1927,5572,4523
Mississippi,1088578,52688,26949,55212,78745,141192,167494,168986,118908,50197,61120,22702,11387,65069,67929,968025,47105,23737,50387,71733,127062,148826,152327,104605,46282,51829,18980,9950,56344,58858,88562,3540,1691,3468,5312,11018,15226,14209,8963,3295,5520,1907,730,6871,6812,2701,87,0,0,67,320,785,382,256,0,0,200,44,68,492,12238,178,953,1077,967,1436,933,957,1799,494,1355,567,76,819,627,17052,1778,568,280,666,1356,1724,1111,3285,126,2416,1048,587,967,1140
Missouri,2504440,105413,58647,120395,164830,254235,315454,388447,295752,156456,174817,76287,32531,176099,185077,2171751,88687,50440,108839,142629,227232,274162,348863,254855,138565,149856,64056,27122,144229,152216,223274,11111,3127,9461,14873,21889,29312,29672,24356,11958,13525,8109,3503,20493,21885,22090,785,35,433,1774,1580,2333,2545,2440,2188,1994,504,322,3214,1943,53527,2280,4364,437,2764,1506,5536,4265,8816,2216,6528,2549,1082,5582,5602,33798,2550,681,1225,2790,2028,4111,3102,5285,1529,2914,1069,502,2581,3431
Montana,448021,16623,6595,16984,24151,40976,50743,81960,65727,32894,38846,17472,7241,23286,24523,370899,14128,5245,15122,20725,36619,41638,67389,54274,26697,31196,13994,5789,19375,18708,45842,1397,873,1060,2247,2710,4859,10100,7391,3589,3620,1662,1183,2247,2904,2072,118,0,91,57,121,0,279,144,0,584,241,0,61,376,18696,233,244,711,703,690,2511,3210,3284,862,2441,766,213,1240,1588,10512,747,233,0,419,836,1735,982,634,1746,1005,809,56,363,947
Nebraska,896547,34425,20004,40212,57794,85171,117827,158277,117704,49009,57511,25374,11421,58744,63074,772110,29193,17635,34950,50260,74470,103733,136157,103092,43136,49286,20247,10048,47338,52565,81589,3598,1558,3654,4904,7632,9130,17457,9009,3619,4000,2669,791,6517,7051,4072,0,0,263,329,233,426,239,671,69,392,309,212,448,481,24108,676,455,762,838,1714,3313,2851,3395,1408,2576,864,331,3416,1509,14668,958,356,583,1463,1122,1225,1573,1537,777,1257,1285,39,1025,1468
Nevada,1226593,79999,42295,62910,92698,112607,124335,126626,115790,71451,101363,42575,27810,106784,119350,995074,58617,32938,49776,77044,92770,103150,104852,96927,63092,87138,33602,22929,83078,89161,143195,11014,5942,9156,9184,15044,13390,15733,11400,5095,9249,4761,2993,12994,17240,27809,1440,1078,1862,2231,1660,1319,2647,1361,1426,1068,2067,1355,4288,4007,18517,1551,652,869,781,801,1558,1029,1762,693,1401,703,269,3151,3297,41998,7377,1685,1247,3458,2332,4918,2365,4340,1145,2507,1442,264,3273,5645
New Hampshire,562559,20010,11587,24644,36172,65881,71639,82891,69769,39872,43154,15123,9344,43402,29071,484447,16431,10167,21463,31303,57934,59710,73551,62585,34771,36617,12825,7946,35583,23561,50112,1571,826,2516,3629,5720,8165,7858,3605,3601,3670,1396,714,3717,3124,2077,0,0,0,172,217,328,300,205,274,431,0,0,0,150,16753,609,288,325,233,1364,2520,874,2227,920,1527,571,584,3250,1461,9170,1399,306,340,835,646,916,308,1147,306,909,331,100,852,775
New Jersey,3246025,103100,52123,102463,161445,268696,370183,411590,449724,345853,368207,140659,66181,223160,182641,2598093,79441,42618,87470,129678,223621,295772,343509,362903,282775,297392,105066,46689,164720,136439,313871,8706,6411,8549,20414,28629,40470,35610,35179,29249,30728,11760,8140,25421,24605,113635,3616,521,1259,4036,7338,10225,12614,14140,14935,16003,6952,3199,12231,6566,106698,3861,1749,2906,3039,4542,8863,10731,17651,10056,12214,10302,3573,10288,6923,113728,7476,824,2279,4278,4566,14853,9126,19851,8838,11870,6579,4580,10500,8108
New Mexico,740113,27492,13582,27751,44819,71368,105573,121159,100926,45623,61838,28248,10521,38183,43030,632626,24524,11061,25727,40310,63440,88616,102705,87939,38498,51919,23620,8583,31485,34199,73042,1320,1809,1500,3063,6658,12352,14165,8651,4582,6304,2099,1386,3606,5547,3356,0,221,150,0,363,448,304,509,276,303,192,0,435,155,14483,236,491,72,833,480,2087,2015,2167,1795,1203,1244,245,1430,185,16606,1412,0,302,613,427,2070,1970,1660,472,2109,1093,307,1227,2944
New York,7524137,239574,101954,220032,348064,581571,772121,957515,989552,835482,961054,380649,169636,531423,435510,4541185,146629,75418,166356,249802,414497,535405,633921,598502,447955,451078,177043,86361,300098,258120,543712,13667,8124,16286,30843,48909,60305,72106,64730,44663,58176,28124,12668,43390,41721,1715751,43036,11512,27234,47650,90030,124412,194384,226148,258620,316881,117997,48459,119867,89521,476524,14128,4220,5310,12443,16591,36122,37577,68408,57594,90185,41034,16151,46885,29876,246965,22114,2680,4846,7326,11544,15877,19527,31764,26650,44734,16451,5997,21183,16272
North Carolina,3961805,149948,78557,151261,239099,419385,484986,595080,496819,301808,314903,136652,60342,258007,274958,3442555,126921,67834,131745,214474,368493,420903,530348,441256,272809,266681,111887,50962,207749,230493,360873,15165,5525,15218,18710,38731,48171,52062,36371,18236,28043,14386,5171,33184,31900,25089,966,307,780,935,1144,1987,2901,2555,2529,2729,1462,1581,3139,2074,67203,1074,1315,1674,2508,5859,8984,6128,7955,4741,9425,3817,1613,6682,5428,66085,5822,3576,1844,2472,5158,4941,3641,8682,3493,8025,5100,1015,7253,5063
North Dakota,381881,9846,10601,12906,22074,38233,50495,72925,57411,21810,24089,9848,4104,22044,25495,328836,7718,8505,10780,20211,33495,43452,64787,50558,18071,19594,8457,3906,18170,21132,32609,555,1615,1841,1173,3611,4278,6301,3748,2304,2132,769,15,2468,1799,1450,37,166,0,0,69,61,89,123,381,0,254,0,196,74,11907,314,116,212,464,755,1486,1280,2223,308,1770,297,143,944,1595,7079,1222,199,73,226,303,1218,468,759,746,593,71,40,266,895
Ohio,4692683,195828,111885,228300,281136,477735,533214,638157,556318,327895,357762,158072,75055,356658,394668,4073530,166940,95970,201686,245826,429261,473360,578643,492083,285413,302940,131447,60558,284132,325271,396585,18020,10578,19701,22583,35723,42419,40530,38095,27568,31038,14035,7934,42642,45719,44190,1467,562,1695,2589,3676,2523,4569,4142,3835,4437,1590,905,5600,6600,101334,2906,2081,2241,4914,3556,6533,8749,14924,7114,11336,7138,3435,15145,11262,77044,6495,2694,2977,5224,5519,8379,5666,7074,3965,8011,3862,2223,9139,5816
Oklahoma,1572309,72211,34710,68519,97904,154922,192809,246054,218090,104257,111079,46481,22191,98608,104474,1354560,61950,29356,59717,87483,135565,169130,214788,188655,91460,95092,38388,18494,78763,85719,153005,6618,3366,6827,7631,15373,18161,24766,18795,9552,9401,4707,2757,11747,13304,3074,104,0,0,0,259,193,698,538,567,95,249,66,239,66,30648,1372,462,1071,1016,1204,2171,2075,6223,1343,4150,1983,545,4008,3025,31022,2167,1526,904,1774,2521,3154,3727,3879,1335,2341,1154,329,3851,2360
Oregon,1565912,74690,48071,75896,91893,148333,176929,215688,173728,109590,133457,68516,33350,113934,101837,1273401,61999,37013,65946,76362,124181,148697,182639,142241,86753,106953,51088,25404,86045,78080,156424,6073,7261,6026,8579,16194,16454,17446,16014,12075,12240,7977,3475,14376,12234,33376,862,1627,884,1981,2207,2814,2549,2952,2748,3361,3386,1419,3682,2904,58511,1888,1304,896,2528,3562,5467,7590,6703,3533,5801,3895,2196,7475,5673,44200,3868,866,2144,2443,2189,3497,5464,5818,4481,5102,2170,856,2356,2946
Pennsylvania,4873712,199131,111332,228238,307711,501086,561215,635764,572983,385706,395100,158755,85677,368230,362784,4004375,165412,94209,192715,262180,432547,469721,546505,474198,314548,311085,119168,64072,278213,279802,421568,15804,10813,22351,24067,40687,53760,47152,39055,28897,29003,15131,8433,42342,44073,170986,4581,1766,2530,7390,12510,12951,21494,20972,19424,22933,10106,2481,16289,15559,176694,4831,2351,7220,6892,7848,14689,12958,24986,13968,22572,9955,7173,23933,17318,100089,8503,2193,3422,7182,7494,10094,7655,13772,8869,9507,4395,3518,7453,6032
Rhode Island,414518,12138,9445,12269,24392,40692,50139,60337,54897,34576,39534,14822,9340,28749,23188,347894,9456,8464,11055,19557,34957,43425,53779,47707,30520,31348,11743,6936,22322,16625,38487,1683,744,719,3583,3875,3425,3174,4446,2993,4384,1472,1158,3236,3595,5419,0,0,251,581,207,448,1398,570,361,401,134,449,417,202,14099,284,183,0,460,631,1425,938,1170,508,2664,1222,455,2097,2062,8619,715,54,244,211,1022,1416,1048,1004,194,737,251,342,677,704
South Carolina,2017319,74968,45874,78854,119551,198481,251445,300570,263273,156852,163949,69549,28473,126418,139062,1746667,65604,34911,67907,104845,173664,220736,265589,232183,137838,142784,59196,21713,102104,117593,187881,3996,3670,7476,10399,21591,23671,29402,22107,12476,13216,6825,2914,14896,15242,7406,236,0,0,523,255,355,1071,1186,827,699,0,949,996,309,37765,2599,6139,2446,1565,379,2228,1857,3993,2990,3483,1534,969,4523,3060,37600,2533,1154,1025,2219,2592,4455,2651,3804,2721,3767,1994,1928,3899,2858
South Dakota,401993,12537,11854,16696,20454,39100,54917,86963,52839,21818,19578,9322,5509,27415,22991,343700,11057,10422,14571,18998,33313,46679,75156,46964,18704,16939,7069,4560,21739,17529,36130,752,995,1112,703,4152,5954,8335,3509,2118,1600,933,481,2253,3233,1697,65,0,141,0,0,11,278,6,56,11,302,72,533,222,14337,455,313,539,318,1046,1966,1924,1818,696,442,748,287,2532,1253,6129,208,124,333,435,589,307,1270,542,244,586,270,109,358,754
Tennessee,2785445,122811,65190,128424,189226,292939,345009,399803,321485,184285,196587,84012,41408,183801,230465,2454007,108672,58357,114809,166539,265297,304925,364632,288408,160867,170023,71625,33643,153092,193118,244069,10018,4764,11313,18045,23119,31200,28004,22141,17241,16508,9042,5207,20573,26894,11038,57,37,82,507,1625,2651,950,1270,560,1508,37,297,752,705,36290,501,838,644,1190,352,3303,3382,5321,3623,5223,1786,1118,4236,4773,40041,3563,1194,1576,2945,2546,2930,2835,4345,1994,3325,1522,1143,5148,4975
Texas,11401207,470525,292203,497019,731953,1044556,1424905,1640920,1474782,846055,966852,414253,180807,669888,746489,9628564,396981,256066,439121,629512,887759,1199253,1422083,1267466,717546,799039,338547,142653,535475,597063,1244454,47409,26404,43197,74390,117042,175681,170551,138814,83619,110366,50061,23512,81032,102376,102623,3085,441,1725,6000,9367,11823,12446,10596,10262,7858,3323,2376,11448,11873,182811,5163,1963,6957,9805,10752,14749,16043,23639,17071,26004,11466,4571,20690,13938,242755,17887,7329,6019,12246,19636,23399,19797,34267,17557,23585,10856,7695,21243,21239
Utah,1308893,56616,29614,58921,80082,105841,147463,157305,182515,109232,116568,49347,22779,101328,91282,1085990,45815,25648,50836,68008,87887,125084,133967,152661,90791,96409,40079,17529,80112,71164,144142,8287,2963,5525,8942,12924,15891,16186,19230,10399,11135,5598,3067,11384,12611,21390,325,92,916,852,2270,1589,1981,2898,2349,3110,984,479,2668,877,30712,1179,259,390,730,1568,2298,2565,3892,2916,2786,2032,957,4472,4668,26659,1010,652,1254,1550,1192,2601,2606,3834,2777,3128,654,747,2692,1962
Vermont,260496,7784,5991,9694,14656,28367,33373,44199,35546,19254,19087,7926,3748,17252,13619,217380,5806,5161,8054,12502,25102,28239,38826,30547,16250,15692,6087,2583,13056,9475,24053,194,221,1115,1699,2538,4199,3652,2119,2003,1610,533,871,2038,1261,1693,117,43,103,0,95,0,376,216,66,126,51,65,380,55,12435,469,566,351,424,496,688,1074,1703,531,1032,1103,229,1531,2238,4935,1198,0,71,31,136,247,271,961,404,627,152,0,247,590
Virginia,3332189,122567,83350,149625,218604,325392,389234,460111,421859,275952,295920,123489,58717,207635,199734,2819200,100741,72132,130648,188233,276899,329407,403657,365426,234588,247746,98291,46560,165085,159787,306322,12148,7727,14606,18916,31722,39671,37032,31728,23299,22931,13262,4719,24164,24397,54712,891,442,1483,2467,4545,6036,7648,5681,6545,7800,3131,1557,4108,2378,86253,2707,2062,1848,4778,7530,6762,6199,11340,5828,9154,6263,2996,9072,9714,65702,6080,987,1040,4210,4696,7358,5575,7684,5692,8289,2542,2885,5206,3458
Washington,2752577,153674,88152,146983,181067,257762,314470,346745,297033,189345,236765,112277,57394,199012,171898,2248672,124951,74980,122053,148145,212336,260440,293655,244524,150091,190232,89365,42859,156208,138833,258161,16157,8896,17780,17787,27298,29673,30230,25160,14637,18123,9899,6542,17567,18412,76828,1872,1409,2954,4840,5476,9115,8837,8146,7046,7235,4326,2758,8543,4271,102480,4780,958,1937,6245,8582,9588,9282,10528,10094,14614,5104,3350,10211,7207,66436,5914,1909,2259,4050,4070,5654,4741,8675,7477,6561,3583,1885,6483,3175
West Virginia,612061,26798,18301,28525,42670,65373,78233,84877,72037,41484,37871,18934,7465,44208,45285,526273,23647,16479,24736,36083,55821,66761,76530,63650,36929,31666,13850,6332,36144,37645,59429,2587,1032,2972,4758,7224,8392,6837,6012,2785,4025,2581,835,4562,4827,2458,91,0,0,51,0,113,308,190,112,389,187,0,792,225,14988,206,331,215,1484,828,1686,839,1487,1189,1474,1591,143,1887,1628,8913,267,459,602,294,1500,1281,363,698,469,317,725,155,823,960
Wisconsin,2491379,144267,72563,144634,164220,256864,311252,354402,259978,136992,151741,67421,37154,208031,181860,2142910,124559,63317,129457,144232,229416,269914,314630,224298,117921,127114,52638,28488,168746,148180,195531,11364,4808,11406,12684,17718,25709,24149,17902,9023,10979,5744,4323,19548,20174,25348,875,21,409,753,1906,1728,2925,3899,1611,1804,1909,376,4462,2670,78865,2568,3348,1519,4004,4233,8229,7365,8944,5202,8017,4575,2662,10416,7783,48725,4901,1069,1843,2547,3591,5672,5333,4935,3235,3827,2555,1305,4859,3053
Wyoming,261749,9751,7595,13148,17437,29130,35211,41908,32299,12697,16129,8560,3766,16756,17362,218845,9361,6718,10526,15656,25732,31042,34247,25876,9878,12739,6801,2017,13411,14841,26619,205,547,1736,1236,2487,2757,4925,3808,1682,2107,1102,1023,1435,1569,2293,19,0,281,545,238,0,0,349,241,132,43,0,45,400,9372,85,289,269,0,307,1027,1935,1014,880,877,428,503,1206,552,4620,81,41,336,0,366,385,801,1252,16,274,186,223,659,0
Puerto Rico,975464,44618,33263,49668,73201,96990,139346,148504,114230,57418,68986,26684,15478,64004,43074,861721,38937,30554,44707,63554,83252,124140,131724,101341,50963,60656,23091,14440,54487,39875,66031,4050,1505,3640,6309,8824,10446,10615,4704,4080,3989,1815,851,4008,1195,7748,0,0,191,577,706,1062,1346,1184,991,348,442,89,389,423,25771,885,608,253,1963,1914,2828,3092,5305,555,3019,966,98,3683,602,14193,746,596,877,798,2294,870,1727,1696,829,974,370,0,1437,979